{
  "experiment": "null_model",
  "source": "imgB_shuffled",
  "results": [
    {
      "n": 50,
      "n_trials": 50,
      "false_alarms": 0,
      "n_no_model": 1,
      "raw_log_nfas": [
        5.648410168615401,
        5.016969725640708,
        5.847793057125326,
        6.730077215656653,
        6.587460536892363,
        5.13968911269023,
        6.5376547886082665,
        6.0767567939415965,
        4.068677606463227,
        4.280668755624118,
        5.237452823051529,
        5.224464043847759,
        6.596396747058928,
        6.712480778466779,
        5.1260433413935615,
        6.9510136307084895,
        5.6516358535942715,
        5.045920818644351,
        6.843573826255246,
        5.262303835099631,
        5.6924851843628765,
        5.059027336363021,
        6.959456830111732,
        5.205922180437677,
        6.381538119233659,
        5.391205696822172,
        6.343826613299001,
        5.123307213454218,
        6.259727066439596,
        5.0867057399270115,
        6.309711723257694,
        6.246677877958243,
        4.672668793443872,
        6.338654833582078,
        6.001970017062923,
        6.791817360342686,
        5.8837213030141875,
        6.199646077678087,
        5.64191672360275,
        5.552316267185865,
        5.150320902318393,
        4.841327607557267,
        5.874075154782782,
        4.9537562146497045,
        3.6455291341049687,
        7.4386084516739635,
        5.71737461749839,
        5.079458263792294,
        5.34746787233513
      ],
      "mean_raw_log_nfa": 5.7097074415443,
      "min_raw_log_nfa": 3.6455291341049687
    },
    {
      "n": 100,
      "n_trials": 50,
      "false_alarms": 0,
      "n_no_model": 1,
      "raw_log_nfas": [
        7.417185162342411,
        7.508643872974776,
        5.356569441704687,
        5.776489571693594,
        7.560609768160516,
        7.165668470008992,
        7.839479518586183,
        8.017081791453187,
        6.943072653793676,
        8.575692995884248,
        8.328520083331867,
        7.319073706986975,
        7.6645973058074865,
        7.892817566381417,
        8.168622361165847,
        7.419854435875505,
        7.371491923495256,
        7.399342541838704,
        7.684260159568677,
        8.881785120994493,
        7.571222789319398,
        6.586753816016648,
        6.148633118463566,
        6.37978124301476,
        8.575692995884248,
        5.0600067018026245,
        7.190502809383123,
        6.416841725606687,
        8.018160745886334,
        6.621830443784566,
        7.282751690488812,
        6.7934037080876895,
        7.687263245970623,
        5.641161266196811,
        6.821243621508376,
        8.361198324444386,
        7.007521810083705,
        5.9654803051054515,
        6.7595229646931045,
        8.144267019329245,
        6.438979041912244,
        5.5428530417383595,
        7.242829094633747,
        7.17180916806155,
        7.5876687490973715,
        6.856023450587614,
        7.333937849730033,
        5.313657880725696,
        7.935093733061578
      ],
      "mean_raw_log_nfa": 7.158101036870754,
      "min_raw_log_nfa": 5.0600067018026245
    },
    {
      "n": 200,
      "n_trials": 50,
      "false_alarms": 0,
      "n_no_model": 0,
      "raw_log_nfas": [
        8.955889985545891,
        9.026385308964494,
        9.068970355239845,
        10.057445133247228,
        7.450895832014819,
        9.28065571190186,
        8.401992036389363,
        6.568832725442956,
        8.359717819064468,
        9.639726970489027,
        8.482001739677118,
        8.53018842909959,
        8.267995080638016,
        9.2181793490456,
        7.265254350024492,
        8.704089944242034,
        10.143096612468145,
        6.160821989131588,
        9.223151835568462,
        7.225843596505827,
        9.861379178313973,
        8.10314576081875,
        6.764651834393183,
        8.387515903245184,
        9.526091977058949,
        7.594735606221169,
        7.9910057025008605,
        9.669300568940905,
        10.313292918152609,
        9.703895984834563,
        8.000992119798143,
        9.222828651902672,
        10.103059318141673,
        10.278773826481498,
        8.331484948490022,
        10.04133892190503,
        8.705411317069476,
        8.904400651572576,
        9.914083090775877,
        10.103059318141673,
        10.266288144023553,
        9.648846570279758,
        8.083419165591794,
        9.068620369684826,
        8.487901281226234,
        8.817810842651783,
        8.162549601005459,
        8.672741398189004,
        6.259738386161436,
        7.496882956849829
      ],
      "mean_raw_log_nfa": 8.730327622382466,
      "min_raw_log_nfa": 6.160821989131588
    },
    {
      "n": 500,
      "n_trials": 50,
      "false_alarms": 0,
      "n_no_model": 0,
      "raw_log_nfas": [
        8.45451688852817,
        10.162102225937007,
        8.178384546024759,
        7.882906918615829,
        10.770088373617488,
        11.380623448211242,
        11.127292753856608,
        10.02763422061942,
        11.026585022702584,
        10.50320358446155,
        10.636340923910314,
        11.103723809441629,
        10.612847779989046,
        10.264635136862527,
        9.761663674092432,
        10.790849857787405,
        11.181212155930371,
        10.291645384087039,
        11.259113887823242,
        11.48526146936318,
        10.295179236777793,
        11.732783107218367,
        11.808610548413336,
        11.633069483798874,
        10.455539435864678,
        10.645917386055599,
        9.760672763245557,
        9.250145999931217,
        10.119691727203719,
        9.802852544144272,
        9.23197739942886,
        10.920248754533844,
        10.851159406773467,
        10.295733463807421,
        9.159536030298218,
        10.467374078461585,
        10.018333278732097,
        8.626021463997631,
        11.6975360110109,
        7.331427174409843,
        9.743165090019234,
        8.949337819667498,
        11.383304913797467,
        11.440568446450479,
        10.712201896869445,
        11.786584641173034,
        11.826683711306655,
        11.100468604816998,
        8.20277522219462,
        11.216692398111656
      ],
      "mean_raw_log_nfa": 10.347324482007526,
      "min_raw_log_nfa": 7.331427174409843
    },
    {
      "n": 1000,
      "n_trials": 50,
      "false_alarms": 0,
      "n_no_model": 2,
      "raw_log_nfas": [
        8.858864492073158,
        12.197369786274594,
        11.731820708767744,
        13.228783162667932,
        12.028501499821711,
        11.606325539705294,
        13.004562399147781,
        11.85308686898568,
        11.828821086854324,
        12.081642777556496,
        11.88582258933472,
        11.424082301853536,
        13.082398860059639,
        11.642077038981938,
        12.71640191536741,
        13.066244737779952,
        11.80151009805385,
        12.470984446794532,
        10.629761557546205,
        12.338675692127712,
        12.007514202773525,
        13.394548536608879,
        12.920354084464828,
        11.006258391477385,
        11.547554733794193,
        10.600671009592496,
        13.04655161277511,
        12.465096350217035,
        13.587858758641785,
        11.983070800275083,
        11.535619087782614,
        10.607533108471724,
        11.859382881057495,
        10.825698296821573,
        13.106431721669583,
        11.831824657204164,
        12.465945355383147,
        10.130045480002085,
        9.98161059668946,
        13.688899949038698,
        13.137383773648477,
        12.970906842874355,
        10.83537604281071,
        12.272300079933643,
        11.764763912553471,
        12.261959324199797,
        12.519983376991249,
        10.2586778810089
      ],
      "mean_raw_log_nfa": 11.96024080017741,
      "min_raw_log_nfa": 8.858864492073158
    }
  ]
}