{
  "experiment": "sensitivity",
  "iter_results": [
    {
      "max_iter": 50,
      "log_nfas": [
        -308.56320514608075,
        -321.0560014323652,
        -316.4712001548644,
        -317.24173996146686,
        -311.36242792118645,
        -313.08527729236516,
        -322.96556407255645,
        -312.5830490688081,
        -319.16561474135335,
        -317.0555558990853
      ],
      "corner_errors": [
        0.8261154166785206,
        0.48933084264979226,
        1.0463413345729384,
        0.9664537203253966,
        0.41768555671564345,
        0.4442052282398781,
        0.4324841416507474,
        0.7110980729396162,
        0.28368819819781393,
        0.47982503243834307
      ],
      "runtimes": [
        0.016270160675048828,
        0.01591014862060547,
        0.01700592041015625,
        0.0187227725982666,
        0.018390893936157227,
        0.018045902252197266,
        0.01671600341796875,
        0.01659393310546875,
        0.017654895782470703,
        0.017366886138916016
      ]
    },
    {
      "max_iter": 100,
      "log_nfas": [
        -308.73302456246927,
        -318.0868457447839,
        -316.9557139908026,
        -316.19837372906824,
        -311.5221883375487,
        -313.14698894125394,
        -323.2726882121081,
        -312.5830490688081,
        -319.16561474135335,
        -317.0555558990853
      ],
      "corner_errors": [
        0.849463272254226,
        0.45509794843775697,
        1.0640283302658313,
        0.4854202418014981,
        0.41760489401852235,
        0.5491665122409005,
        0.4164809859539133,
        0.7110980729396162,
        0.28368819819781393,
        0.47982503243834307
      ],
      "runtimes": [
        0.022748947143554688,
        0.0251309871673584,
        0.023599863052368164,
        0.020886898040771484,
        0.02398395538330078,
        0.01772308349609375,
        0.018205881118774414,
        0.021780967712402344,
        0.02078700065612793,
        0.018873214721679688
      ]
    },
    {
      "max_iter": 500,
      "log_nfas": [
        -310.4614896108353,
        -318.5579908524001,
        -316.9225452116521,
        -316.19837372906824,
        -311.36242792118645,
        -313.14698894125394,
        -323.2726882121081,
        -312.5830490688081,
        -319.16561474135335,
        -317.0555558990853
      ],
      "corner_errors": [
        0.8432655384309147,
        0.49143450318820825,
        1.089737907712097,
        0.4854202418014981,
        0.41768555671564345,
        0.5491665122409005,
        0.4164809859539133,
        0.7110980729396162,
        0.28368819819781393,
        0.47982503243834307
      ],
      "runtimes": [
        0.03125286102294922,
        0.026383161544799805,
        0.02392292022705078,
        0.020229101181030273,
        0.023998022079467773,
        0.017340898513793945,
        0.017811059951782227,
        0.02249765396118164,
        0.020290136337280273,
        0.018115758895874023
      ]
    },
    {
      "max_iter": 1000,
      "log_nfas": [
        -310.4614896108353,
        -318.5579908524001,
        -316.9225452116521,
        -316.19837372906824,
        -311.36242792118645,
        -313.14698894125394,
        -323.2726882121081,
        -312.5830490688081,
        -319.16561474135335,
        -317.0555558990853
      ],
      "corner_errors": [
        0.8432655384309147,
        0.49143450318820825,
        1.089737907712097,
        0.4854202418014981,
        0.41768555671564345,
        0.5491665122409005,
        0.4164809859539133,
        0.7110980729396162,
        0.28368819819781393,
        0.47982503243834307
      ],
      "runtimes": [
        0.025745868682861328,
        0.03215217590332031,
        0.02461099624633789,
        0.02143692970275879,
        0.02379631996154785,
        0.017493009567260742,
        0.017596960067749023,
        0.022658824920654297,
        0.021258115768432617,
        0.019134998321533203
      ]
    },
    {
      "max_iter": 5000,
      "log_nfas": [
        -310.4614896108353,
        -318.5579908524001,
        -316.9225452116521,
        -316.19837372906824,
        -311.36242792118645,
        -313.14698894125394,
        -323.2726882121081,
        -312.5830490688081,
        -319.16561474135335,
        -317.0555558990853
      ],
      "corner_errors": [
        0.8432655384309147,
        0.49143450318820825,
        1.089737907712097,
        0.4854202418014981,
        0.41768555671564345,
        0.5491665122409005,
        0.4164809859539133,
        0.7110980729396162,
        0.28368819819781393,
        0.47982503243834307
      ],
      "runtimes": [
        0.025626182556152344,
        0.02771306037902832,
        0.02616119384765625,
        0.02000117301940918,
        0.02457714080810547,
        0.01741814613342285,
        0.01857304573059082,
        0.02350592613220215,
        0.022862911224365234,
        0.01865100860595703
      ]
    }
  ],
  "seed_log_nfas": [
    -316.2267731826289,
    -316.5582518451829,
    -317.29246521573356,
    -315.1235002812273,
    -316.7792513380967,
    -316.7792513380967,
    -315.7629579097099,
    -316.7792513380967,
    -316.7792513380967,
    -316.922230102395,
    -318.547891783716,
    -316.4017893430716,
    -316.88060496036184,
    -316.4017893430716,
    -316.40526471786256,
    -316.7792513380967,
    -316.7792513380967,
    -317.8066356356457,
    -316.4017893430716,
    -316.7792513380967
  ],
  "seed_n_inliers": [
    95,
    95,
    99,
    96,
    99,
    99,
    95,
    99,
    99,
    99,
    100,
    95,
    95,
    95,
    97,
    99,
    99,
    96,
    95,
    99
  ]
}