{
  "experiment": "sensitivity",
  "iter_results": [
    {
      "max_iter": 50,
      "log_nfas": [
        -307.2913886874207,
        -319.8029795921555,
        0.0,
        -316.0243584775263,
        -310.13609159459304,
        -311.8678958084246,
        -321.6761552245417,
        -311.2740669914864,
        -317.94823325741277,
        -315.8204456481843
      ],
      "corner_errors": [
        0.8261154166785206,
        0.48933084264979226,
        NaN,
        0.9664537203253966,
        0.41768555671564345,
        0.4442052282398781,
        0.4324841416507474,
        0.7110980729396162,
        0.28368819819781393,
        0.47982503243834307
      ],
      "runtimes": [
        0.011543035507202148,
        0.010411977767944336,
        0.006445884704589844,
        0.01125788688659668,
        0.010844230651855469,
        0.011647939682006836,
        0.010894060134887695,
        0.010452985763549805,
        0.011375188827514648,
        0.010551214218139648
      ]
    },
    {
      "max_iter": 100,
      "log_nfas": [
        -307.4794968895215,
        -316.7974368967691,
        -315.6933678528077,
        -314.9632634781673,
        -310.2958520109553,
        -311.92960745731335,
        -321.98327936409333,
        -311.2740669914864,
        -317.94823325741277,
        -315.8204456481843
      ],
      "corner_errors": [
        0.849463272254226,
        0.45509794843775697,
        1.0640283302658313,
        0.4854202418014981,
        0.41760489401852235,
        0.5491665122409005,
        0.4164809859539133,
        0.7110980729396162,
        0.28368819819781393,
        0.47982503243834307
      ],
      "runtimes": [
        0.013369083404541016,
        0.0157167911529541,
        0.016534090042114258,
        0.01400303840637207,
        0.015977859497070312,
        0.011995792388916016,
        0.014030694961547852,
        0.01635885238647461,
        0.015157938003540039,
        0.013538122177124023
      ]
    },
    {
      "max_iter": 500,
      "log_nfas": [
        -309.20796193788755,
        -317.2868707900976,
        -315.6419102879449,
        -314.9632634781673,
        -310.13609159459304,
        -311.92960745731335,
        -321.98327936409333,
        -311.2740669914864,
        -317.94823325741277,
        -315.8204456481843
      ],
      "corner_errors": [
        0.8432655384309147,
        0.49143450318820825,
        1.089737907712097,
        0.4854202418014981,
        0.41768555671564345,
        0.5491665122409005,
        0.4164809859539133,
        0.7110980729396162,
        0.28368819819781393,
        0.47982503243834307
      ],
      "runtimes": [
        0.016416072845458984,
        0.017078161239624023,
        0.015576839447021484,
        0.013562679290771484,
        0.016093969345092773,
        0.012102842330932617,
        0.012300729751586914,
        0.01549983024597168,
        0.01366877555847168,
        0.012415885925292969
      ]
    },
    {
      "max_iter": 1000,
      "log_nfas": [
        -309.20796193788755,
        -317.2868707900976,
        -315.6419102879449,
        -314.9632634781673,
        -310.13609159459304,
        -311.92960745731335,
        -321.98327936409333,
        -311.2740669914864,
        -317.94823325741277,
        -315.8204456481843
      ],
      "corner_errors": [
        0.8432655384309147,
        0.49143450318820825,
        1.089737907712097,
        0.4854202418014981,
        0.41768555671564345,
        0.5491665122409005,
        0.4164809859539133,
        0.7110980729396162,
        0.28368819819781393,
        0.47982503243834307
      ],
      "runtimes": [
        0.017251968383789062,
        0.021653175354003906,
        0.01774883270263672,
        0.016605854034423828,
        0.016714096069335938,
        0.01277470588684082,
        0.013543844223022461,
        0.018965959548950195,
        0.018903017044067383,
        0.01613306999206543
      ]
    },
    {
      "max_iter": 5000,
      "log_nfas": [
        -309.20796193788755,
        -317.2868707900976,
        -315.6419102879449,
        -314.9632634781673,
        -310.13609159459304,
        -311.92960745731335,
        -321.98327936409333,
        -311.2740669914864,
        -317.94823325741277,
        -315.8204456481843
      ],
      "corner_errors": [
        0.8432655384309147,
        0.49143450318820825,
        1.089737907712097,
        0.4854202418014981,
        0.41768555671564345,
        0.5491665122409005,
        0.4164809859539133,
        0.7110980729396162,
        0.28368819819781393,
        0.47982503243834307
      ],
      "runtimes": [
        0.017259836196899414,
        0.01937699317932129,
        0.019817113876342773,
        0.015192031860351562,
        0.01920795440673828,
        0.013534784317016602,
        0.012748003005981445,
        0.015527009963989258,
        0.01460409164428711,
        0.011765003204345703
      ]
    }
  ],
  "seed_log_nfas": [
    -314.9188809289201,
    -315.2503595914741,
    -316.0573549648326,
    -315.09389708936277,
    -315.5441410871957,
    -315.5441410871957,
    -314.45506565600107,
    -315.5441410871957,
    -315.5441410871957,
    -315.68711985149406,
    -317.3305102997754,
    -315.09389708936277,
    -315.572712706653,
    -315.09389708936277,
    -315.1341446555601,
    -315.5441410871957,
    -315.5441410871957,
    -316.51722678763093,
    -315.09389708936277,
    -315.5441410871957
  ],
  "seed_n_inliers": [
    95,
    95,
    99,
    95,
    99,
    99,
    95,
    99,
    99,
    99,
    100,
    95,
    95,
    95,
    97,
    99,
    99,
    96,
    95,
    99
  ]
}