{
  "experiment": "sensitivity",
  "iter_results": [
    {
      "max_iter": 50,
      "log_nfas": [
        -308.56320514608075,
        -321.0560014323652,
        -316.4712001548644,
        -317.24173996146686,
        -311.36242792118645,
        -313.08527729236516,
        -322.96556407255645,
        -312.5830490688081,
        -319.16561474135335,
        -317.0555558990853
      ],
      "corner_errors": [
        0.8261154166785206,
        0.48933084264979226,
        1.0463413345729384,
        0.9664537203253966,
        0.41768555671564345,
        0.4442052282398781,
        0.4324841416507474,
        0.7110980729396162,
        0.28368819819781393,
        0.47982503243834307
      ],
      "runtimes": [
        0.015399932861328125,
        0.015503883361816406,
        0.016483068466186523,
        0.01648712158203125,
        0.01674199104309082,
        0.018297195434570312,
        0.016656160354614258,
        0.015975236892700195,
        0.01750779151916504,
        0.016190052032470703
      ]
    },
    {
      "max_iter": 100,
      "log_nfas": [
        -308.73302456246927,
        -318.0868457447839,
        -316.9557139908026,
        -316.19837372906824,
        -311.5221883375487,
        -313.14698894125394,
        -323.2726882121081,
        -312.5830490688081,
        -319.16561474135335,
        -317.0555558990853
      ],
      "corner_errors": [
        0.849463272254226,
        0.45509794843775697,
        1.0640283302658313,
        0.4854202418014981,
        0.41760489401852235,
        0.5491665122409005,
        0.4164809859539133,
        0.7110980729396162,
        0.28368819819781393,
        0.47982503243834307
      ],
      "runtimes": [
        0.021773099899291992,
        0.02447223663330078,
        0.02409529685974121,
        0.020452260971069336,
        0.022764205932617188,
        0.017826080322265625,
        0.017806053161621094,
        0.02178788185119629,
        0.020646095275878906,
        0.018421649932861328
      ]
    },
    {
      "max_iter": 500,
      "log_nfas": [
        -310.4614896108353,
        -318.5579908524001,
        -316.9225452116521,
        -316.19837372906824,
        -311.36242792118645,
        -313.14698894125394,
        -323.2726882121081,
        -312.5830490688081,
        -319.16561474135335,
        -317.0555558990853
      ],
      "corner_errors": [
        0.8432655384309147,
        0.49143450318820825,
        1.089737907712097,
        0.4854202418014981,
        0.41768555671564345,
        0.5491665122409005,
        0.4164809859539133,
        0.7110980729396162,
        0.28368819819781393,
        0.47982503243834307
      ],
      "runtimes": [
        0.025360822677612305,
        0.026520967483520508,
        0.02431774139404297,
        0.019840002059936523,
        0.024458885192871094,
        0.017745018005371094,
        0.018052101135253906,
        0.02242112159729004,
        0.019996166229248047,
        0.0180208683013916
      ]
    },
    {
      "max_iter": 1000,
      "log_nfas": [
        -310.4614896108353,
        -318.5579908524001,
        -316.9225452116521,
        -316.19837372906824,
        -311.36242792118645,
        -313.14698894125394,
        -323.2726882121081,
        -312.5830490688081,
        -319.16561474135335,
        -317.0555558990853
      ],
      "corner_errors": [
        0.8432655384309147,
        0.49143450318820825,
        1.089737907712097,
        0.4854202418014981,
        0.41768555671564345,
        0.5491665122409005,
        0.4164809859539133,
        0.7110980729396162,
        0.28368819819781393,
        0.47982503243834307
      ],
      "runtimes": [
        0.026725053787231445,
        0.02628302574157715,
        0.024817943572998047,
        0.020489931106567383,
        0.023998260498046875,
        0.0173490047454834,
        0.017934083938598633,
        0.022791147232055664,
        0.02093815803527832,
        0.018365859985351562
      ]
    },
    {
      "max_iter": 5000,
      "log_nfas": [
        -310.4614896108353,
        -318.5579908524001,
        -316.9225452116521,
        -316.19837372906824,
        -311.36242792118645,
        -313.14698894125394,
        -323.2726882121081,
        -312.5830490688081,
        -319.16561474135335,
        -317.0555558990853
      ],
      "corner_errors": [
        0.8432655384309147,
        0.49143450318820825,
        1.089737907712097,
        0.4854202418014981,
        0.41768555671564345,
        0.5491665122409005,
        0.4164809859539133,
        0.7110980729396162,
        0.28368819819781393,
        0.47982503243834307
      ],
      "runtimes": [
        0.025862932205200195,
        0.02709197998046875,
        0.025628089904785156,
        0.019968032836914062,
        0.024837970733642578,
        0.01770496368408203,
        0.017663955688476562,
        0.02227616310119629,
        0.019989967346191406,
        0.018275022506713867
      ]
    }
  ],
  "seed_log_nfas": [
    -316.2267731826289,
    -316.5582518451829,
    -317.29246521573356,
    -315.1235002812273,
    -316.7792513380967,
    -316.7792513380967,
    -315.7629579097099,
    -316.7792513380967,
    -316.7792513380967,
    -316.922230102395,
    -318.547891783716,
    -316.4017893430716,
    -316.88060496036184,
    -316.4017893430716,
    -316.40526471786256,
    -316.7792513380967,
    -316.7792513380967,
    -317.8066356356457,
    -316.4017893430716,
    -316.7792513380967
  ],
  "seed_n_inliers": [
    95,
    95,
    99,
    96,
    99,
    99,
    95,
    99,
    99,
    99,
    100,
    95,
    95,
    95,
    97,
    99,
    99,
    96,
    95,
    99
  ]
}