{
  "experiment": "sensitivity",
  "iter_results": [
    {
      "max_iter": 50,
      "log_nfas": [
        -308.56320514608075,
        -321.0560014323652,
        -316.4712001548644,
        -317.24173996146686,
        -311.36242792118645,
        -313.08527729236516,
        -322.96556407255645,
        -312.5830490688081,
        -319.16561474135335,
        -317.0555558990853
      ],
      "corner_errors": [
        0.8261154166785206,
        0.48933084264979226,
        1.0463413345729384,
        0.9664537203253966,
        0.41768555671564345,
        0.4442052282398781,
        0.4324841416507474,
        0.7110980729396162,
        0.28368819819781393,
        0.47982503243834307
      ],
      "runtimes": [
        0.01643681526184082,
        0.0164339542388916,
        0.01717829704284668,
        0.017355918884277344,
        0.017177820205688477,
        0.016960859298706055,
        0.016885995864868164,
        0.016392946243286133,
        0.016602039337158203,
        0.016438007354736328
      ]
    },
    {
      "max_iter": 100,
      "log_nfas": [
        -308.73302456246927,
        -318.0868457447839,
        -316.9557139908026,
        -316.19837372906824,
        -311.5221883375487,
        -313.14698894125394,
        -323.2726882121081,
        -312.5830490688081,
        -319.16561474135335,
        -317.0555558990853
      ],
      "corner_errors": [
        0.849463272254226,
        0.45509794843775697,
        1.0640283302658313,
        0.4854202418014981,
        0.41760489401852235,
        0.5491665122409005,
        0.4164809859539133,
        0.7110980729396162,
        0.28368819819781393,
        0.47982503243834307
      ],
      "runtimes": [
        0.02140212059020996,
        0.024858713150024414,
        0.023720979690551758,
        0.02177596092224121,
        0.023733854293823242,
        0.01725912094116211,
        0.01770806312561035,
        0.021657943725585938,
        0.020315170288085938,
        0.019257783889770508
      ]
    },
    {
      "max_iter": 500,
      "log_nfas": [
        -310.4614896108353,
        -318.5579908524001,
        -316.9225452116521,
        -316.19837372906824,
        -311.36242792118645,
        -313.14698894125394,
        -323.2726882121081,
        -312.5830490688081,
        -319.16561474135335,
        -317.0555558990853
      ],
      "corner_errors": [
        0.8432655384309147,
        0.49143450318820825,
        1.089737907712097,
        0.4854202418014981,
        0.41768555671564345,
        0.5491665122409005,
        0.4164809859539133,
        0.7110980729396162,
        0.28368819819781393,
        0.47982503243834307
      ],
      "runtimes": [
        0.0259401798248291,
        0.02725815773010254,
        0.02406001091003418,
        0.02001476287841797,
        0.024184703826904297,
        0.018186092376708984,
        0.018209218978881836,
        0.022658824920654297,
        0.020394086837768555,
        0.019305944442749023
      ]
    },
    {
      "max_iter": 1000,
      "log_nfas": [
        -310.4614896108353,
        -318.5579908524001,
        -316.9225452116521,
        -316.19837372906824,
        -311.36242792118645,
        -313.14698894125394,
        -323.2726882121081,
        -312.5830490688081,
        -319.16561474135335,
        -317.0555558990853
      ],
      "corner_errors": [
        0.8432655384309147,
        0.49143450318820825,
        1.089737907712097,
        0.4854202418014981,
        0.41768555671564345,
        0.5491665122409005,
        0.4164809859539133,
        0.7110980729396162,
        0.28368819819781393,
        0.47982503243834307
      ],
      "runtimes": [
        0.02639603614807129,
        0.02663898468017578,
        0.023578882217407227,
        0.020481586456298828,
        0.02369213104248047,
        0.017663002014160156,
        0.017800092697143555,
        0.022725820541381836,
        0.02043604850769043,
        0.018369674682617188
      ]
    },
    {
      "max_iter": 5000,
      "log_nfas": [
        -310.4614896108353,
        -318.5579908524001,
        -316.9225452116521,
        -316.19837372906824,
        -311.36242792118645,
        -313.14698894125394,
        -323.2726882121081,
        -312.5830490688081,
        -319.16561474135335,
        -317.0555558990853
      ],
      "corner_errors": [
        0.8432655384309147,
        0.49143450318820825,
        1.089737907712097,
        0.4854202418014981,
        0.41768555671564345,
        0.5491665122409005,
        0.4164809859539133,
        0.7110980729396162,
        0.28368819819781393,
        0.47982503243834307
      ],
      "runtimes": [
        0.02569127082824707,
        0.02650594711303711,
        0.024587154388427734,
        0.020043134689331055,
        0.023155927658081055,
        0.017702817916870117,
        0.017635107040405273,
        0.022401094436645508,
        0.02003312110900879,
        0.018072128295898438
      ]
    }
  ],
  "seed_log_nfas": [
    -316.2267731826289,
    -316.5582518451829,
    -317.29246521573356,
    -315.1235002812273,
    -316.7792513380967,
    -316.7792513380967,
    -315.7629579097099,
    -316.7792513380967,
    -316.7792513380967,
    -316.922230102395,
    -318.547891783716,
    -316.4017893430716,
    -316.88060496036184,
    -316.4017893430716,
    -316.40526471786256,
    -316.7792513380967,
    -316.7792513380967,
    -317.8066356356457,
    -316.4017893430716,
    -316.7792513380967
  ],
  "seed_n_inliers": [
    95,
    95,
    99,
    96,
    99,
    99,
    95,
    99,
    99,
    99,
    100,
    95,
    95,
    95,
    97,
    99,
    99,
    96,
    95,
    99
  ]
}